INSERT INTO adb.country (CountryID, Name)
VALUES
 (1, 'USA'),
 (2, 'Canada'),
 (3, 'Spain'),
 (4, 'Germany'),
 (5, 'Mexico'),
 (6, 'France'),
 (7, 'Great Britain'),
 (8, 'China'),
 (9, 'South Korea'),
 (10, 'Japan');


INSERT INTO adb.recordlabel (LabelID, Name, FoundingDate, CountryID)
VALUES
 (1, 'PC Music', 20000101, 1),
 (2, 'Anjunabeats', 20010101, 10),
 (3, 'Kemosabe Records', 20050101, 4),
 (4, 'A&M Records', 20200101, 3),
 (5, 'Warp Records', 20140101, 6),
 (6, 'Columbia Records', 20130101, 2),
 (7, 'Matador', 19950101, 1),
 (8, 'Warner Bros. Records', 19800101, 9),
 (9, 'Mercury Records', 19900101, 7),
 (10, 'Ninja Tune', 20100101, 4);




INSERT INTO adb.creator (CreatorID, Name)
VALUES
 (823579950, 'Bleachers'),
 (23550310, 'Charli XCX'),
 (1999271751, 'Grimes'),
 (1712557651, 'Horizon Fire'),
 (1708930075, 'Kimbra'),
 (1868092198, 'King Crimson'),
 (250232310, 'Kishi Bashi'),
 (945328591, 'Mother Mother'),
 (30673712, 'OVERWERK'),
 (1774809271, 'Purity Ring'),
 (489685561, 'Ratatat'),
 (547277038, 'Sigrid'),
 (78005340, 'Sophie'),
 (582485685, 'The Glitch Mob'),
 (1351508652, 'The Killers'),
 (2073242502, 'Wye Oak');


INSERT INTO adb.album (AlbumID, AlbumName, MediaType, ReleaseDate, LabelID)
VALUES
 (781853318, 'Gone Now', 'Music', '20170101', 6),
 (349618930, 'Pop 2', 'Music', '20170101', 8),
 (565156853, 'Art Angels', 'Music', '20150101', 1),
 (1661121671, 'All That Dreams', 'Music', '20110101', 2),
 (1372235365, 'Primal Heart', 'Music', '20180101', 6),
 (242518583, 'In the Court of the Crimson King', 'Music', '19690101', 1),
 (1399350143, 'Lighght', 'Music', '20140101', 4),
 (646617591, 'The Sticks', 'Music', '20120101', 2),
 (500944535, 'Touch Up', 'Music', '20070101', 6),
 (1683922514, 'After Hours', 'Music', '20120101', 5),
 (1081129965, 'Another Eternity', 'Music', '20150101', 6),
 (1252826409, 'Classics', 'Music', '20060101', 10),
 (351392387, 'Sucker Punch', 'Music', '20190101', 5),
 (485965105, 'Product', 'Music', '20150101', 6),
 (946025292, 'Drink the Sea', 'Music', '20100101', 3),
 (311295240, 'Hot Fuss', 'Music', '20050101', 8),
 (1447057661, 'Shriek', 'Music', '20140101', 9);


INSERT INTO adb.audiofile (TrackID, ReleaseName, ExplicitRating, Duration, CountryID, AlbumID)
VALUES
 (1155473278, 'Dream of Mickey Mantle', 1, 190, 6, 781853318),
 (1206248193, 'Goodmorning', 1, 193, 6, 781853318),
 (1029070339, 'Hate That You Know Me', 1, 186, 6, 781853318),
 (890616823, 'Dont Take the Money', 1, 216, 6, 781853318),
 (1631201811, 'Everybody Lost Somebody', 0, 235, 6, 781853318),
 (1698255920, 'All My Heroes', 1, 184, 6, 781853318),
 (1420353737, 'Lets Get Married', 1, 186, 6, 781853318),
 (1110630889, 'Goodbye', 0, 177, 6, 781853318),
 (1414373102, 'I Miss Those Days', 0, 218, 6, 781853318),
 (125901449, 'Nothing Is U', 0, 152, 6, 781853318),
 (360814329, 'Im Ready To Move On (Mickey Mantle Reprise)', 1, 264, 6, 781853318),
 (1415444380, 'Foreign Girls', 1, 242, 6, 781853318),
 (1708651158, 'Backseat (feat. Carly Rae Jepsen)', 1, 238, 8, 349618930),
 (1707264482, 'Out Of My Head (feat. Tove Lo and ALMA)', 1, 236, 8, 349618930),
 (1652628599, 'Lucky', 0, 216, 8, 349618930),
 (1841505856, 'Tears (feat. Caroline Polachek)', 0, 254, 8, 349618930),
 (736274855, 'I Got It (feat. Brooke Candy, CupcakKe and Pabllo Vittar)', 1, 232, 8, 349618930),
 (527635766, 'Femmebot (feat. Dorian Electra and Mykki Blanco)', 0, 218, 8, 349618930),
 (2086265232, 'Delicious (feat. Tommy Cash)', 1, 273, 8, 349618930),
 (2013022851, 'Unlock It (feat. Kim Petras and Jay Park)', 0, 233, 8, 349618930),
 (991221388, 'Porsche (feat. MØ)', 0, 207, 8, 349618930),
 (1718432714, 'Track 10', 1, 327, 8, 349618930),
 (1136411263, 'laughing and not being normal', 0, 108, 1, 565156853),
 (206569015, 'California', 0, 198, 1, 565156853),
 (263393529, 'SCREAM (feat. Aristophanes)', 0, 140, 1, 565156853),
 (2122098243, 'Flesh without Blood', 0, 265, 1, 565156853),
 (1194247513, 'Belly of the Beat', 1, 206, 1, 565156853),
 (41087496, 'Kill V. Maim', 1, 246, 1, 565156853),
 (1420932785, 'Artangels', 0, 247, 1, 565156853),
 (337147504, 'Easily', 1, 183, 1, 565156853),
 (231238420, 'Pin', 1, 212, 1, 565156853),
 (478558959, 'Realiti', 0, 307, 1, 565156853),
 (1894869707, 'World Princess part II', 1, 306, 1, 565156853),
 (1291725068, 'Venus Fly (feat. Janelle Monáe)', 0, 226, 1, 565156853),
 (1247347526, 'Life in the Vivid Dream', 1, 88, 1, 565156853),
 (1181143487, 'Butterfly', 1, 253, 1, 565156853),
 (1745965216, 'REALiTi (Demo)', 0, 260, 1, 565156853),
 (1145979544, 'Astoria', 0, 246, 2, 1661121671),
 (986928346, 'Passed Out In A Datsun', 1, 294, 2, 1661121671),
 (1589945941, 'Dawn Mist', 0, 272, 2, 1661121671),
 (825861842, 'Piney Hills Blaze', 1, 292, 2, 1661121671),
 (1153324129, 'Morning Highway Lights', 0, 68, 2, 1661121671),
 (430415664, 'Strafing Crow', 0, 280, 2, 1661121671),
 (556275694, 'Plutonian Shore', 1, 344, 2, 1661121671),
 (33191886, 'Fauna', 0, 298, 2, 1661121671),
 (404087185, 'Howl', 1, 82, 2, 1661121671),
 (2117913979, 'Through High Windows', 1, 268, 2, 1661121671),
 (720866172, 'Umwelt', 1, 260, 2, 1661121671),
 (1528486898, 'The Good War', 1, 219, 6, 1372235365),
 (1601805139, 'Top of the World', 1, 206, 6, 1372235365),
 (14035655, 'Everybody Knows', 1, 225, 6, 1372235365),
 (1534705754, 'Like They Do On the TV', 0, 260, 6, 1372235365),
 (171307423, 'Recovery', 1, 200, 6, 1372235365),
 (1688468209, 'Human', 1, 238, 6, 1372235365),
 (2245434, 'Lightyears', 0, 212, 6, 1372235365),
 (1030926850, 'Black Sky', 1, 232, 6, 1372235365),
 (1377599400, 'Past Love', 1, 216, 6, 1372235365),
 (1435338179, 'Right Direction', 0, 286, 6, 1372235365),
 (1301904838, 'Version of Me', 1, 237, 6, 1372235365),
 (690698793, 'Real Life', 1, 142, 6, 1372235365),
 (650648409, '21st Century Schizoid Man', 0, 444, 1, 242518583),
 (2123946790, 'I Talk to the Wind', 1, 365, 1, 242518583),
 (1430362910, 'Epitaph', 1, 528, 1, 242518583),
 (1804514299, 'Moonchild', 1, 733, 1, 242518583),
 (356705382, 'The Court of the Crimson King', 1, 563, 1, 242518583),
 (1848951504, 'Début - Impromptu', 0, 47, 4, 1399350143),
 (506705007, 'Philosophize In It! Chemicalize With It!', 0, 201, 4, 1399350143),
 (1784275625, 'The Ballad of Mr. Steak', 1, 199, 4, 1399350143),
 (71596013, 'Carry on Phenomenon', 0, 244, 4, 1399350143),
 (950493375, 'Bittersweet Genesis for Him AND Her', 0, 213, 4, 1399350143),
 (705481164, 'Impromptu No 1', 1, 59, 4, 1399350143),
 (1346006967, 'Q&A', 1, 192, 4, 1399350143),
 (726094804, 'Once Upon a Lucid Dream (In Afrikaans)', 1, 246, 4, 1399350143),
 (1449972193, 'Hahaha Pt. 1', 1, 162, 4, 1399350143),
 (1332052060, 'Hahaha Pt. 2', 1, 241, 4, 1399350143),
 (744833975, 'In Fantasia', 1, 429, 4, 1399350143),
 (1627417263, 'Brandenberg Stomp (Bonus Track)', 0, 208, 4, 1399350143),
 (17006700, 'Ill See You There (Bonus Track)', 1, 231, 4, 1399350143),
 (448523907, 'Philosophize In It! Chemicalize With It! (Tokyo Mix) [Bonus Trac', 0, 211, 4, 1399350143),
 (280763577, 'Omen', 1, 67, 2, 646617591),
 (646617591, 'The Sticks', 1, 243, 2, 646617591),
 (115124484, 'Lets Fall in Love', 1, 188, 2, 646617591),
 (1693551483, 'Business Man', 0, 201, 2, 646617591),
 (1157273900, 'Dread in My Heart', 1, 152, 2, 646617591),
 (2050397970, 'Infinitesimal', 1, 177, 2, 646617591),
 (2133634253, 'Happy', 1, 238, 2, 646617591),
 (1753977953, 'Bit By Bit', 0, 198, 2, 646617591),
 (949105905, 'Latter Days', 1, 210, 2, 646617591),
 (1438601478, 'Little Pistol', 1, 269, 2, 646617591),
 (597132136, 'Love it Dissipates', 0, 180, 2, 646617591),
 (334973851, 'Cry Forum', 1, 243, 2, 646617591),
 (1783856673, 'Waiting for the World to End', 0, 263, 2, 646617591),
 (437102672, 'To the Wild', 1, 231, 2, 646617591),
 (1379229197, 'Dirty Town', 1, 153, 6, 500944535),
 (258737251, 'Polynesia', 1, 140, 6, 500944535),
 (2052005000, 'Angry Sea', 1, 185, 6, 500944535),
 (1982823097, 'Oh Ana', 0, 197, 6, 500944535),
 (1676393105, 'Legs Away', 1, 234, 6, 500944535),
 (346373116, 'Love And Truth', 0, 216, 6, 500944535),
 (2073466233, 'Train Of Thought', 0, 161, 6, 500944535),
 (1570984813, 'Verbatim', 0, 168, 6, 500944535),
 (1948796555, 'Neighbour', 0, 280, 6, 500944535),
 (2124595129, 'Ball Cap', 0, 200, 6, 500944535),
 (1187393293, 'Tic Toc', 1, 91, 6, 500944535),
 (500944535, 'Touch Up', 1, 234, 6, 500944535),
 (258153465, 'Little Hands', 1, 148, 6, 500944535),
 (55029729, 'Daybreak', 1, 382, 5, 1683922514),
 (1132225682, 'Relapse', 1, 321, 5, 1683922514),
 (1939902659, 'Signal', 1, 378, 5, 1683922514),
 (65319393, 'Last Call', 1, 360, 5, 1683922514),
 (1143269774, 'Night Shift', 0, 341, 5, 1683922514),
 (1316085542, 'Waves', 0, 133, 5, 1683922514),
 (728259885, 'Heartsigh', 1, 199, 6, 1081129965),
 (1295284320, 'Bodyache', 0, 173, 6, 1081129965),
 (477498985, 'Push Pull', 0, 208, 6, 1081129965),
 (1390718595, 'Repetition', 0, 219, 6, 1081129965),
 (50274650, 'Stranger Than Earth', 0, 259, 6, 1081129965),
 (1840003168, 'Begin Again', 0, 217, 6, 1081129965),
 (1928071564, 'Dust Hymn', 0, 210, 6, 1081129965),
 (1983467180, 'Flood On The Floor', 1, 195, 6, 1081129965),
 (131944659, 'Sea Castle', 0, 207, 6, 1081129965),
 (328826752, 'Stillness In Woe', 0, 241, 6, 1081129965),
 (1114569177, 'Montanita', 0, 300, 10, 1252826409),
 (1083558747, 'Lex', 0, 270, 10, 1252826409),
 (649095100, 'Gettysburg', 0, 328, 10, 1252826409),
 (1568421496, 'Wildcat', 1, 260, 10, 1252826409),
 (1685149909, 'Tropicana', 1, 277, 10, 1252826409),
 (58299248, 'Loud Pipes', 1, 227, 10, 1252826409),
 (418793464, 'Kennedy', 0, 215, 10, 1252826409),
 (1998731717, 'Swisha', 0, 230, 10, 1252826409),
 (481108147, 'Nostrand', 0, 184, 10, 1252826409),
 (732028799, 'Tacobel Canon', 0, 267, 10, 1252826409),
 (351392387, 'Sucker Punch', 0, 195, 5, 351392387),
 (1123376984, 'Mine Right Now', 1, 204, 5, 351392387),
 (1371036247, 'Basic', 1, 218, 5, 351392387),
 (662298405, 'Strangers', 1, 234, 5, 351392387),
 (619226736, 'Dont Feel Like Crying', 0, 157, 5, 351392387),
 (272870175, 'Level Up', 0, 138, 5, 351392387),
 (1175129046, 'Sight of You', 1, 238, 5, 351392387),
 (109495074, 'In Vain', 0, 248, 5, 351392387),
 (1077028160, 'Dont Kill My Vibe', 1, 184, 5, 351392387),
 (1515055279, 'Business Dinners', 1, 168, 5, 351392387),
 (692666533, 'Never Mine', 0, 215, 5, 351392387),
 (1600667654, 'Dynamite', 1, 233, 5, 351392387),
 (677754831, 'Bipp', 1, 182, 6, 485965105),
 (953414699, 'Elle', 1, 224, 6, 485965105),
 (1127452099, 'Lemonade', 0, 119, 6, 485965105),
 (1629991148, 'Hard', 0, 175, 6, 485965105),
 (717791236, 'MSMSMSM', 1, 217, 6, 485965105),
 (460506579, 'Vyzee', 1, 204, 6, 485965105),
 (1554996626, 'L.O.V.E', 1, 220, 6, 485965105),
 (192803819, 'Just Like We Never Said Goodbye', 0, 189, 6, 485965105),
 (1596084575, 'Get Higher', 1, 181, 6, 485965105),
 (850640221, 'Animus Vox', 0, 405, 3, 946025292),
 (530408020, 'Bad Wings', 0, 400, 3, 946025292),
 (1884545884, 'How To Be Eaten By A Woman', 1, 359, 3, 946025292),
 (350630759, 'A Dream Within A Dream', 1, 324, 3, 946025292),
 (1768518608, 'Fistful of Silence', 0, 311, 3, 946025292),
 (513281352, 'Between Two Points (feat. Swan)', 0, 337, 3, 946025292),
 (178768250, 'We Swarm', 0, 354, 3, 946025292),
 (572011298, 'Drive It Like You Stole It', 1, 355, 3, 946025292),
 (1946674201, 'Fortune Days', 0, 382, 3, 946025292),
 (1574758665, 'Starve The Ego, Feed The Soul', 0, 349, 3, 946025292),
 (1954811216, 'Jenny Was A Friend Of Mine', 1, 244, 8, 311295240),
 (626215480, 'Mr. Brightside', 1, 223, 8, 311295240),
 (300606952, 'Smile Like You Mean It', 0, 235, 8, 311295240),
 (1336175734, 'Somebody Told Me', 1, 197, 8, 311295240),
 (766124442, 'All These Things That Ive Done', 1, 302, 8, 311295240),
 (235328882, 'Andy, Youre A Star', 1, 194, 8, 311295240),
 (271187760, 'On Top', 0, 259, 8, 311295240),
 (1089548027, 'Change Your Mind', 0, 192, 8, 311295240),
 (1167912032, 'Believe Me Natalie', 1, 305, 8, 311295240),
 (531654040, 'Midnight Show', 0, 243, 8, 311295240),
 (363114532, 'Everything Will Be Alright', 0, 345, 8, 311295240),
 (938322443, 'Glamorous Indie Rock & Roll', 0, 257, 8, 311295240),
 (810241599, 'The Ballad Of Michael Valentine', 1, 230, 8, 311295240),
 (1696109380, 'Under The Gun', 0, 153, 8, 311295240),
 (1603754137, 'Before', 0, 259, 9, 1447057661),
 (1447057661, 'Shriek', 0, 219, 9, 1447057661),
 (1299359447, 'The Tower', 1, 246, 9, 1447057661),
 (710567182, 'Glory', 0, 293, 9, 1447057661),
 (1703735793, 'Sick Talk', 1, 266, 9, 1447057661),
 (1257012650, 'Schools of Eyes', 1, 255, 9, 1447057661),
 (2050060550, 'Despicable Animal', 1, 290, 9, 1447057661),
 (905295568, 'Paradise', 0, 262, 9, 1447057661),
 (1162273573, 'I Know the Law', 1, 224, 9, 1447057661),
 (1538416277, 'Logic of Color', 0, 180, 9, 1447057661),
 (379708520, 'Glory (DJ Keith Sweaty Remix)', 0, 338, 9, 1447057661),
 (1488972790, 'Sick Talk (Matmos Remix)', 0, 271, 9, 1447057661),
 (1558719112, 'Shriek (DJ Daylight Remix)', 0, 152, 9, 1447057661),
 (2032414711, 'Despicable Animal (Moss of Aura / Future Islands Remix)', 1, 298, 9, 1447057661),
 (1331397584, 'The Tower (Drew Swinbourne Remix)', 1, 260, 9, 1447057661);


INSERT INTO adb.createdby (TrackID, CreatorID)
VALUES
 (1155473278, 823579950),
 (1206248193, 823579950),
 (1029070339, 823579950),
 (890616823, 823579950),
 (1631201811, 823579950),
 (1698255920, 823579950),
 (1420353737, 823579950),
 (1110630889, 823579950),
 (1414373102, 823579950),
 (125901449, 823579950),
 (360814329, 823579950),
 (1415444380, 823579950),
 (1708651158, 23550310),
 (1707264482, 23550310),
 (1652628599, 23550310),
 (1841505856, 23550310),
 (736274855, 23550310),
 (527635766, 23550310),
 (2086265232, 23550310),
 (2013022851, 23550310),
 (991221388, 23550310),
 (1718432714, 23550310),
 (1136411263, 1999271751),
 (206569015, 1999271751),
 (263393529, 1999271751),
 (2122098243, 1999271751),
 (1194247513, 1999271751),
 (41087496, 1999271751),
 (1420932785, 1999271751),
 (337147504, 1999271751),
 (231238420, 1999271751),
 (478558959, 1999271751),
 (1894869707, 1999271751),
 (1291725068, 1999271751),
 (1247347526, 1999271751),
 (1181143487, 1999271751),
 (1745965216, 1999271751),
 (1145979544, 1712557651),
 (986928346, 1712557651),
 (1589945941, 1712557651),
 (825861842, 1712557651),
 (1153324129, 1712557651),
 (430415664, 1712557651),
 (556275694, 1712557651),
 (33191886, 1712557651),
 (404087185, 1712557651),
 (2117913979, 1712557651),
 (720866172, 1712557651),
 (1528486898, 1708930075),
 (1601805139, 1708930075),
 (14035655, 1708930075),
 (1534705754, 1708930075),
 (171307423, 1708930075),
 (1688468209, 1708930075),
 (2245434, 1708930075),
 (1030926850, 1708930075),
 (1377599400, 1708930075),
 (1435338179, 1708930075),
 (1301904838, 1708930075),
 (690698793, 1708930075),
 (650648409, 1868092198),
 (2123946790, 1868092198),
 (1430362910, 1868092198),
 (1804514299, 1868092198),
 (356705382, 1868092198),
 (1848951504, 250232310),
 (506705007, 250232310),
 (1784275625, 250232310),
 (71596013, 250232310),
 (950493375, 250232310),
 (705481164, 250232310),
 (1346006967, 250232310),
 (726094804, 250232310),
 (1449972193, 250232310),
 (1332052060, 250232310),
 (744833975, 250232310),
 (1627417263, 250232310),
 (17006700, 250232310),
 (448523907, 250232310),
 (280763577, 945328591),
 (646617591, 945328591),
 (115124484, 945328591),
 (1693551483, 945328591),
 (1157273900, 945328591),
 (2050397970, 945328591),
 (2133634253, 945328591),
 (1753977953, 945328591),
 (949105905, 945328591),
 (1438601478, 945328591),
 (597132136, 945328591),
 (334973851, 945328591),
 (1783856673, 945328591),
 (437102672, 945328591),
 (1379229197, 945328591),
 (258737251, 945328591),
 (2052005000, 945328591),
 (1982823097, 945328591),
 (1676393105, 945328591),
 (346373116, 945328591),
 (2073466233, 945328591),
 (1570984813, 945328591),
 (1948796555, 945328591),
 (2124595129, 945328591),
 (1187393293, 945328591),
 (500944535, 945328591),
 (258153465, 945328591),
 (55029729, 30673712),
 (1132225682, 30673712),
 (1939902659, 30673712),
 (65319393, 30673712),
 (1143269774, 30673712),
 (1316085542, 30673712),
 (728259885, 1774809271),
 (1295284320, 1774809271),
 (477498985, 1774809271),
 (1390718595, 1774809271),
 (50274650, 1774809271),
 (1840003168, 1774809271),
 (1928071564, 1774809271),
 (1983467180, 1774809271),
 (131944659, 1774809271),
 (328826752, 1774809271),
 (1114569177, 489685561),
 (1083558747, 489685561),
 (649095100, 489685561),
 (1568421496, 489685561),
 (1685149909, 489685561),
 (58299248, 489685561),
 (418793464, 489685561),
 (1998731717, 489685561),
 (481108147, 489685561),
 (732028799, 489685561),
 (351392387, 547277038),
 (1123376984, 547277038),
 (1371036247, 547277038),
 (662298405, 547277038),
 (619226736, 547277038),
 (272870175, 547277038),
 (1175129046, 547277038),
 (109495074, 547277038),
 (1077028160, 547277038),
 (1515055279, 547277038),
 (692666533, 547277038),
 (1600667654, 547277038),
 (677754831, 78005340),
 (953414699, 78005340),
 (1127452099, 78005340),
 (1629991148, 78005340),
 (717791236, 78005340),
 (460506579, 78005340),
 (1554996626, 78005340),
 (192803819, 78005340),
 (1596084575, 78005340),
 (850640221, 582485685),
 (530408020, 582485685),
 (1884545884, 582485685),
 (350630759, 582485685),
 (1768518608, 582485685),
 (513281352, 582485685),
 (178768250, 582485685),
 (572011298, 582485685),
 (1946674201, 582485685),
 (1574758665, 582485685),
 (1954811216, 1351508652),
 (626215480, 1351508652),
 (300606952, 1351508652),
 (1336175734, 1351508652),
 (766124442, 1351508652),
 (235328882, 1351508652),
 (271187760, 1351508652),
 (1089548027, 1351508652),
 (1167912032, 1351508652),
 (531654040, 1351508652),
 (363114532, 1351508652),
 (938322443, 1351508652),
 (810241599, 1351508652),
 (1696109380, 1351508652),
 (1603754137, 2073242502),
 (1447057661, 2073242502),
 (1299359447, 2073242502),
 (710567182, 2073242502),
 (1703735793, 2073242502),
 (1257012650, 2073242502),
 (2050060550, 2073242502),
 (905295568, 2073242502),
 (1162273573, 2073242502),
 (1538416277, 2073242502),
 (379708520, 2073242502),
 (1488972790, 2073242502),
 (1558719112, 2073242502),
 (2032414711, 2073242502),
 (1331397584, 2073242502);


INSERT INTO adb.genre (GenreID, Description)
VALUES
 ('Alternative', 'subcategory of rock finding roots in 1980s punk-rock'),
 ('Pop', 'popular music featuring strong melodies and repetition'),
 ('Electronic', 'music produced by electronic musical instruments' ),
 ('Progressive Rock', 'subcategory of rock with psychedelic roots' ),
 ('Indie Rock', 'subcategory of alt rock, small record labels and self produced artists'),
 ('Folk', 'made with acoustic instruments, traditional roots'),
 ('Dubstep', 'electronic dance with syncopated rhythm'),
 ('Rock', 'the child of rock and roll, rhythm and blues rooted in the 1960s');


INSERT INTO adb.ingenre (TrackID, GenreID)
VALUES
 (1155473278, 'Alternative'),
 (1206248193, 'Alternative'),
 (1029070339, 'Alternative'),
 (890616823, 'Alternative'),
 (1631201811, 'Alternative'),
 (1698255920, 'Alternative'),
 (1420353737, 'Alternative'),
 (1110630889, 'Alternative'),
 (1414373102, 'Alternative'),
 (125901449, 'Alternative'),
 (360814329, 'Alternative'),
 (1415444380, 'Alternative'),
 (1708651158, 'Pop'),
 (1707264482, 'Pop'),
 (1652628599, 'Pop'),
 (1841505856, 'Pop'),
 (736274855, 'Pop'),
 (527635766, 'Pop'),
 (2086265232, 'Pop'),
 (2013022851, 'Pop'),
 (991221388, 'Pop'),
 (1718432714, 'Pop'),
 (1136411263, 'Electronic'),
 (206569015, 'Electronic'),
 (263393529, 'Electronic'),
 (2122098243, 'Electronic'),
 (1194247513, 'Electronic'),
 (41087496, 'Electronic'),
 (1420932785, 'Electronic'),
 (337147504, 'Electronic'),
 (231238420, 'Electronic'),
 (478558959, 'Electronic'),
 (1894869707, 'Electronic'),
 (1291725068, 'Electronic'),
 (1247347526, 'Electronic'),
 (1181143487, 'Electronic'),
 (1745965216, 'Electronic'),
 (1145979544, 'Electronic'),
 (986928346, 'Electronic'),
 (1589945941, 'Electronic'),
 (825861842, 'Electronic'),
 (1153324129, 'Electronic'),
 (430415664, 'Electronic'),
 (556275694, 'Electronic'),
 (33191886, 'Electronic'),
 (404087185, 'Electronic'),
 (2117913979, 'Electronic'),
 (720866172, 'Electronic'),
 (1528486898, 'Pop'),
 (1601805139, 'Pop'),
 (14035655, 'Pop'),
 (1534705754, 'Pop'),
 (171307423, 'Pop'),
 (1688468209, 'Pop'),
 (2245434, 'Pop'),
 (1030926850, 'Pop'),
 (1377599400, 'Pop'),
 (1435338179, 'Pop'),
 (1301904838, 'Pop'),
 (690698793, 'Pop'),
 (650648409, 'Progressive Rock'),
 (2123946790, 'Progressive Rock'),
 (1430362910, 'Progressive Rock'),
 (1804514299, 'Progressive Rock'),
 (356705382, 'Progressive Rock'),
 (1848951504, 'Alternative'),
 (506705007, 'Alternative'),
 (1784275625, 'Alternative'),
 (71596013, 'Alternative'),
 (950493375, 'Alternative'),
 (705481164, 'Alternative'),
 (1346006967, 'Alternative'),
 (726094804, 'Alternative'),
 (1449972193, 'Alternative'),
 (1332052060, 'Alternative'),
 (744833975, 'Alternative'),
 (1627417263, 'Alternative'),
 (17006700, 'Alternative'),
 (448523907, 'Alternative'),
 (280763577, 'Indie Rock'),
 (646617591, 'Indie Rock'),
 (115124484, 'Indie Rock'),
 (1693551483, 'Indie Rock'),
 (1157273900, 'Indie Rock'),
 (2050397970, 'Indie Rock'),
 (2133634253, 'Indie Rock'),
 (1753977953, 'Indie Rock'),
 (949105905, 'Indie Rock'),
 (1438601478, 'Indie Rock'),
 (597132136, 'Indie Rock'),
 (334973851, 'Indie Rock'),
 (1783856673, 'Indie Rock'),
 (437102672, 'Indie Rock'),
 (1379229197, 'Folk'),
 (258737251, 'Folk'),
 (2052005000, 'Folk'),
 (1982823097, 'Folk'),
 (1676393105, 'Folk'),
 (346373116, 'Folk'),
 (2073466233, 'Folk'),
 (1570984813, 'Folk'),
 (1948796555, 'Folk'),
 (2124595129, 'Folk'),
 (1187393293, 'Folk'),
 (500944535, 'Folk'),
 (258153465, 'Folk'),
 (55029729, 'Electronic'),
 (1132225682, 'Electronic'),
 (1939902659, 'Electronic'),
 (65319393, 'Electronic'),
 (1143269774, 'Electronic'),
 (1316085542, 'Electronic'),
 (728259885, 'Electronic'),
 (1295284320, 'Electronic'),
 (477498985, 'Electronic'),
 (1390718595, 'Electronic'),
 (50274650, 'Electronic'),
 (1840003168, 'Electronic'),
 (1928071564, 'Electronic'),
 (1983467180, 'Electronic'),
 (131944659, 'Electronic'),
 (328826752, 'Electronic'),
 (1114569177, 'Electronic'),
 (1083558747, 'Electronic'),
 (649095100, 'Electronic'),
 (1568421496, 'Electronic'),
 (1685149909, 'Electronic'),
 (58299248, 'Electronic'),
 (418793464, 'Electronic'),
 (1998731717, 'Electronic'),
 (481108147, 'Electronic'),
 (732028799, 'Electronic'),
 (351392387, 'Pop'),
 (1123376984, 'Pop'),
 (1371036247, 'Pop'),
 (662298405, 'Pop'),
 (619226736, 'Pop'),
 (272870175, 'Pop'),
 (1175129046, 'Pop'),
 (109495074, 'Pop'),
 (1077028160, 'Pop'),
 (1515055279, 'Pop'),
 (692666533, 'Pop'),
 (1600667654, 'Pop'),
 (677754831, 'Electronic'),
 (953414699, 'Electronic'),
 (1127452099, 'Electronic'),
 (1629991148, 'Electronic'),
 (717791236, 'Electronic'),
 (460506579, 'Electronic'),
 (1554996626, 'Electronic'),
 (192803819, 'Electronic'),
 (1596084575, 'Electronic'),
 (850640221, 'Dubstep'),
 (530408020, 'Dubstep'),
 (1884545884, 'Dubstep'),
 (350630759, 'Dubstep'),
 (1768518608, 'Dubstep'),
 (513281352, 'Dubstep'),
 (178768250, 'Dubstep'),
 (572011298, 'Dubstep'),
 (1946674201, 'Dubstep'),
 (1574758665, 'Dubstep'),
 (1954811216, 'Rock'),
 (626215480, 'Rock'),
 (300606952, 'Rock'),
 (1336175734, 'Rock'),
 (766124442, 'Rock'),
 (235328882, 'Rock'),
 (271187760, 'Rock'),
 (1089548027, 'Rock'),
 (1167912032, 'Rock'),
 (531654040, 'Rock'),
 (363114532, 'Rock'),
 (938322443, 'Rock'),
 (810241599, 'Rock'),
 (1696109380, 'Rock'),
 (1603754137, 'Electronic'),
 (1447057661, 'Electronic'),
 (1299359447, 'Electronic'),
 (710567182, 'Electronic'),
 (1703735793, 'Electronic'),
 (1257012650, 'Electronic'),
 (2050060550, 'Electronic'),
 (905295568, 'Electronic'),
 (1162273573, 'Electronic'),
 (1538416277, 'Electronic'),
 (379708520, 'Electronic'),
 (1488972790, 'Electronic'),
 (1558719112, 'Electronic'),
 (2032414711, 'Electronic'),
 (1331397584, 'Electronic');